<?xml version="1.0" encoding="utf-8" ?><rss version="2.0" xml:base="http://www.consortium.io/" xmlns:dc="http://purl.org/dc/elements/1.1/" xmlns:content="http://purl.org/rss/1.0/modules/content/" xmlns:foaf="http://xmlns.com/foaf/0.1/" xmlns:og="http://ogp.me/ns#" xmlns:rdfs="http://www.w3.org/2000/01/rdf-schema#" xmlns:sioc="http://rdfs.org/sioc/ns#" xmlns:sioct="http://rdfs.org/sioc/types#" xmlns:skos="http://www.w3.org/2004/02/skos/core#" xmlns:xsd="http://www.w3.org/2001/XMLSchema#">
  <channel>
    <title>Hybrid Publishing Consortium - open source infrastructure for publishing</title>
    <link>http://www.consortium.io/</link>
    <description></description>
    <language>en</language>
          <item>
    <title>TRACES ON THE ARCHIVE—a Hybrid Lecture Player</title>
    <link>http://www.consortium.io/traces-archive</link>
    <description>&lt;div class=&quot;field field-name-field-project-tag field-type-taxonomy-term-reference field-label-hidden&quot;&gt;&lt;div class=&quot;field-items&quot;&gt;&lt;div class=&quot;field-item even&quot;&gt;event&lt;/div&gt;&lt;/div&gt;&lt;/div&gt;&lt;div class=&quot;field field-name-post-date field-type-ds field-label-hidden&quot;&gt;&lt;div class=&quot;field-items&quot;&gt;&lt;div class=&quot;field-item even&quot;&gt;22 Jul 2015&lt;/div&gt;&lt;/div&gt;&lt;/div&gt;&lt;div class=&quot;field field-name-author field-type-ds field-label-hidden&quot;&gt;&lt;div class=&quot;field-items&quot;&gt;&lt;div class=&quot;field-item even&quot;&gt;Christina Kral&lt;/div&gt;&lt;/div&gt;&lt;/div&gt;&lt;div class=&quot;field field-name-field-image field-type-image field-label-hidden&quot;&gt;&lt;div class=&quot;field-items&quot;&gt;&lt;div class=&quot;field-item even&quot; rel=&quot;og:image rdfs:seeAlso&quot; resource=&quot;http://www.consortium.io/sites/default/files/styles/summary/public/field/image/the-dewline-newsletter.png?itok=kfiweQYs&quot;&gt;&lt;a href=&quot;/traces-archive&quot;&gt;&lt;img typeof=&quot;foaf:Image&quot; src=&quot;http://www.consortium.io/sites/default/files/styles/summary/public/field/image/the-dewline-newsletter.png?itok=kfiweQYs&quot; width=&quot;220&quot; height=&quot;142&quot; alt=&quot;the dewline newsletter - Marshall McLuhan&quot; /&gt;&lt;/a&gt;&lt;/div&gt;&lt;/div&gt;&lt;/div&gt;&lt;div class=&quot;field field-name-title field-type-ds field-label-hidden&quot;&gt;&lt;div class=&quot;field-items&quot;&gt;&lt;div class=&quot;field-item even&quot; property=&quot;dc:title&quot;&gt;&lt;h3 class=&quot;row-title&quot;&gt;&lt;a href=&quot;/traces-archive&quot;&gt;TRACES ON THE ARCHIVE—a Hybrid Lecture Player&lt;/a&gt;&lt;/h3&gt;&lt;/div&gt;&lt;/div&gt;&lt;/div&gt;&lt;div class=&quot;field field-name-body field-type-text-with-summary field-label-hidden&quot;&gt;&lt;div class=&quot;field-items&quot;&gt;&lt;div class=&quot;field-item even&quot; property=&quot;content:encoded&quot;&gt;&lt;p&gt;&lt;a href=&quot;https://research.consortium.io/docs/traces_on_the_archive/traces_on_the_archive.html&quot; rel=&quot;noreferrer&quot; style=&quot;color: rgb(17, 85, 204); font-family: arial, sans-serif; font-size: 12.8000001907349px; line-height: normal;&quot; target=&quot;_blank&quot;&gt;https://research.consortium.io/docs/traces_on_the_archive/traces_on_the_archive.html&lt;/a&gt;&lt;/p&gt;
&lt;p&gt;&lt;span style=&quot;color:rgb(34, 34, 34); font-family:arial,sans-serif; font-size:12.8000001907349px&quot;&gt;A Hybrid Publishing Consortium research report&lt;/span&gt;&lt;br /&gt;&lt;em style=&quot;line-height:1.6em&quot;&gt;By Simon Worthington and Christina Kral&lt;/em&gt;&lt;/p&gt;
&lt;p&gt;&lt;span style=&quot;color:rgb(34, 34, 34); font-family:arial,sans-serif; font-size:12.8000001907349px&quot;&gt;Player: &lt;/span&gt;&lt;a href=&quot;https://mcluhan.consortium.io/&quot; rel=&quot;noreferrer&quot; style=&quot;color: rgb(17, 85, 204); font-family: arial, sans-serif; font-size: 12.8000001907349px; line-height: normal;&quot; target=&quot;_blank&quot;&gt;https://mcluhan.consortium.io/&lt;/a&gt;&lt;br /&gt;&lt;span style=&quot;color:rgb(34, 34, 34); font-family:arial,sans-serif; font-size:12.8000001907349px&quot;&gt;Software: &lt;/span&gt;&lt;a href=&quot;https://github.com/consortium/hybrid-lecture-player&quot; rel=&quot;noreferrer&quot; style=&quot;color: rgb(17, 85, 204); font-family: arial, sans-serif; font-size: 12.8000001907349px; line-height: normal;&quot; target=&quot;_blank&quot;&gt;https://github.com/consortium/hybrid-lecture-player&lt;/a&gt;&lt;/p&gt;
&lt;p&gt;A research case study focused on traces on the archive, revealing the hidden journey of a user through an archive, based on the Marshall McLuhan collection at the McLuhan Salon, Canadian Embassy, Berlin. The case &lt;span style=&quot;color:rgb(34, 34, 34); font-family:arial,sans-serif; font-size:12.8000001907349px&quot;&gt;by the Hybrid Publishing Consortium (HPC), &lt;/span&gt;investigates the future of publishing and user engagement with museums, archives and libraries. HPC is dedicated to Open Source software development and enabling crossmedia interoperability.&lt;/p&gt;
&lt;/div&gt;&lt;/div&gt;&lt;/div&gt;</description>
     <pubDate>Wed, 22 Jul 2015 11:00:19 +0000</pubDate>
 <dc:creator>Christina Kral</dc:creator>
 <guid isPermaLink="false">28 at http://www.consortium.io</guid>
  </item>
  <item>
    <title>Hybrid Lecture Player - McLuhan Archives. Prototype launch</title>
    <link>http://www.consortium.io/hybrid-lecture-player-mcluhan-archives-prototype-launch</link>
    <description>&lt;div class=&quot;field field-name-field-project-tag field-type-taxonomy-term-reference field-label-hidden&quot;&gt;&lt;div class=&quot;field-items&quot;&gt;&lt;div class=&quot;field-item even&quot;&gt;prototypes&lt;/div&gt;&lt;/div&gt;&lt;/div&gt;&lt;div class=&quot;field field-name-post-date field-type-ds field-label-hidden&quot;&gt;&lt;div class=&quot;field-items&quot;&gt;&lt;div class=&quot;field-item even&quot;&gt;3 Jul 2015&lt;/div&gt;&lt;/div&gt;&lt;/div&gt;&lt;div class=&quot;field field-name-author field-type-ds field-label-hidden&quot;&gt;&lt;div class=&quot;field-items&quot;&gt;&lt;div class=&quot;field-item even&quot;&gt;malamut&lt;/div&gt;&lt;/div&gt;&lt;/div&gt;&lt;div class=&quot;field field-name-field-image field-type-image field-label-hidden&quot;&gt;&lt;div class=&quot;field-items&quot;&gt;&lt;div class=&quot;field-item even&quot; rel=&quot;og:image rdfs:seeAlso&quot; resource=&quot;http://www.consortium.io/sites/default/files/styles/summary/public/field/image/hlpm.jpg?itok=cJrlCnfo&quot;&gt;&lt;a href=&quot;/hybrid-lecture-player-mcluhan-archives-prototype-launch&quot;&gt;&lt;img typeof=&quot;foaf:Image&quot; src=&quot;http://www.consortium.io/sites/default/files/styles/summary/public/field/image/hlpm.jpg?itok=cJrlCnfo&quot; width=&quot;220&quot; height=&quot;138&quot; alt=&quot;Hybrid Lecture Player interface&quot; /&gt;&lt;/a&gt;&lt;/div&gt;&lt;/div&gt;&lt;/div&gt;&lt;div class=&quot;field field-name-title field-type-ds field-label-hidden&quot;&gt;&lt;div class=&quot;field-items&quot;&gt;&lt;div class=&quot;field-item even&quot; property=&quot;dc:title&quot;&gt;&lt;h3 class=&quot;row-title&quot;&gt;&lt;a href=&quot;/hybrid-lecture-player-mcluhan-archives-prototype-launch&quot;&gt;Hybrid Lecture Player - McLuhan Archives. Prototype launch&lt;/a&gt;&lt;/h3&gt;&lt;/div&gt;&lt;/div&gt;&lt;/div&gt;&lt;div class=&quot;field field-name-body field-type-text-with-summary field-label-hidden&quot;&gt;&lt;div class=&quot;field-items&quot;&gt;&lt;div class=&quot;field-item even&quot; property=&quot;content:encoded&quot;&gt;&lt;p&gt;&#039;Finally Getting the Message: McLuhan&#039;s Media Practice&#039;&lt;br /&gt;
A lecture by Graham Larkin given at the Marshall McLuhan Salon, Canadian Embassy, Berlin, in 2011&lt;/p&gt;
&lt;p&gt;
A publishing research prototype by the Hybrid Publishing Consortium&lt;/p&gt;
&lt;p&gt;
View the player - &lt;a href=&quot;https://mcluhan.consortium.io/&quot;&gt;https://mcluhan.consortium.io/&lt;/a&gt;&lt;/p&gt;
&lt;p&gt;
The Hybrid Lecture Player is a new open source platform release that allows you to turn lecture documentation into a multi-format publication.&lt;br /&gt;
The case study focuses on the long-running video documentation of an insightful lecture by the historian and curator Graham Larkin on Marshall McLuhan’s own experimental publishing and media practice. The player unpacks the lecture’s sections to transform it into a hybrid lecture environment that reveals the knowledge contained in the video in exciting ways, encouraging users to watch it further and engage with McLuhan archives.&lt;/p&gt;
&lt;/div&gt;&lt;/div&gt;&lt;/div&gt;</description>
     <pubDate>Fri, 03 Jul 2015 14:58:56 +0000</pubDate>
 <dc:creator>malamut</dc:creator>
 <guid isPermaLink="false">27 at http://www.consortium.io</guid>
  </item>
  <item>
    <title>ᙠooʞ ƚo ƚʜɘ ᖷuƚuɿɘ – ɒ mɒnifɘƨƚo for book libɘɿɒƚio∩</title>
    <link>http://www.consortium.io/%E1%99%A0oo%CA%9E-%C6%9Ao-%C6%9A%CA%9C%C9%98-%E1%96%B7u%C6%9Au%C9%BF%C9%98-%E2%80%93-%C9%92-m%C9%92nif%C9%98%C6%A8%C6%9Ao-book-lib%C9%98%C9%BF%C9%92%C6%9Aio%E2%88%A9</link>
    <description>&lt;div class=&quot;field field-name-post-date field-type-ds field-label-hidden&quot;&gt;&lt;div class=&quot;field-items&quot;&gt;&lt;div class=&quot;field-item even&quot;&gt;22 Jun 2015&lt;/div&gt;&lt;/div&gt;&lt;/div&gt;&lt;div class=&quot;field field-name-author field-type-ds field-label-hidden&quot;&gt;&lt;div class=&quot;field-items&quot;&gt;&lt;div class=&quot;field-item even&quot;&gt;malamut&lt;/div&gt;&lt;/div&gt;&lt;/div&gt;&lt;div class=&quot;field field-name-field-image field-type-image field-label-hidden&quot;&gt;&lt;div class=&quot;field-items&quot;&gt;&lt;div class=&quot;field-item even&quot; rel=&quot;og:image rdfs:seeAlso&quot; resource=&quot;http://www.consortium.io/sites/default/files/styles/summary/public/field/image/book_to_the_future_cover.jpg?itok=cFPtG3Cf&quot;&gt;&lt;a href=&quot;/%E1%99%A0oo%CA%9E-%C6%9Ao-%C6%9A%CA%9C%C9%98-%E1%96%B7u%C6%9Au%C9%BF%C9%98-%E2%80%93-%C9%92-m%C9%92nif%C9%98%C6%A8%C6%9Ao-book-lib%C9%98%C9%BF%C9%92%C6%9Aio%E2%88%A9&quot;&gt;&lt;img typeof=&quot;foaf:Image&quot; src=&quot;http://www.consortium.io/sites/default/files/styles/summary/public/field/image/book_to_the_future_cover.jpg?itok=cFPtG3Cf&quot; width=&quot;187&quot; height=&quot;300&quot; alt=&quot;Bttf cover&quot; /&gt;&lt;/a&gt;&lt;/div&gt;&lt;/div&gt;&lt;/div&gt;&lt;div class=&quot;field field-name-title field-type-ds field-label-hidden&quot;&gt;&lt;div class=&quot;field-items&quot;&gt;&lt;div class=&quot;field-item even&quot; property=&quot;dc:title&quot;&gt;&lt;h3 class=&quot;row-title&quot;&gt;&lt;a href=&quot;/%E1%99%A0oo%CA%9E-%C6%9Ao-%C6%9A%CA%9C%C9%98-%E1%96%B7u%C6%9Au%C9%BF%C9%98-%E2%80%93-%C9%92-m%C9%92nif%C9%98%C6%A8%C6%9Ao-book-lib%C9%98%C9%BF%C9%92%C6%9Aio%E2%88%A9&quot;&gt;ᙠooʞ ƚo ƚʜɘ ᖷuƚuɿɘ – ɒ mɒnifɘƨƚo for book libɘɿɒƚio∩&lt;/a&gt;&lt;/h3&gt;&lt;/div&gt;&lt;/div&gt;&lt;/div&gt;&lt;div class=&quot;field field-name-body field-type-text-with-summary field-label-hidden&quot;&gt;&lt;div class=&quot;field-items&quot;&gt;&lt;div class=&quot;field-item even&quot; property=&quot;content:encoded&quot;&gt;&lt;div class=&quot;ace-line&quot; id=&quot;magicdomid450&quot; style=&quot;padding-right: 1px; color: rgb(0, 0, 0); font-family: Arial, sans-serif; line-height: 17px;&quot;&gt;
Book Launch! - from the Hybrid Publishing Consortium
&lt;p&gt;Read online, download or order a print copy&lt;/p&gt;&lt;/div&gt;
&lt;div class=&quot;ace-line&quot; style=&quot;padding-right: 1px; color: rgb(0, 0, 0); font-family: Arial, sans-serif; line-height: 17px;&quot;&gt; &lt;/div&gt;
&lt;div class=&quot;ace-line&quot; style=&quot;padding-right: 1px; color: rgb(0, 0, 0); font-family: Arial, sans-serif; line-height: 17px;&quot;&gt;&lt;a href=&quot;http://bit.ly/1SCMo8i&quot;&gt;http://bit.ly/1SCMo8i&lt;/a&gt;&lt;/div&gt;
&lt;div class=&quot;ace-line&quot; style=&quot;padding-right: 1px; color: rgb(0, 0, 0); font-family: Arial, sans-serif; line-height: 17px;&quot;&gt; &lt;/div&gt;
&lt;div class=&quot;ace-line&quot; style=&quot;padding-right: 1px; color: rgb(0, 0, 0); font-family: Arial, sans-serif; line-height: 17px;&quot;&gt;&lt;span style=&quot;color:rgb(0, 0, 0); font-family:arial,sans-serif&quot;&gt;The Book Liberation Manifesto is an exploration of publishing outside of current corporate constraints and beyond the confines of book piracy. We believe that knowledge should be in free circulation to benefit humankind, which means an equitable and vibrant economy to support publishing, instead of the prevailing capitalist hand-me-down system of Sisyphean economic sustainability. Readers and books have been forced into pirate libraries, while sales channels have been monopolised by the big Internet giants which exact extortionate fees from publishers. We have three proposals. First, publications should be free-at-the-point-of-reading under a variety of open intellectual property regimes. Second, they should become fully digital — in order to facilitate ready reuse, distribution, algorithmic and computational use. Finally, Open Source software for publishing should be treated as public infrastructure, with sustained research and investment. The result of such robust infrastructures will mean lower costs for manufacturing and faster publishing lifecycles, so that publishers and publics will be more readily able to afford to invent new futures.&lt;/span&gt;&lt;br /&gt;
 &lt;/div&gt;
&lt;/div&gt;&lt;/div&gt;&lt;/div&gt;</description>
     <pubDate>Mon, 22 Jun 2015 13:34:04 +0000</pubDate>
 <dc:creator>malamut</dc:creator>
 <guid isPermaLink="false">26 at http://www.consortium.io</guid>
  </item>
  <item>
    <title>Future for the Annotation of Digital Objects - workshop</title>
    <link>http://www.consortium.io/future-annotation-digital-objects-workshop</link>
    <description>&lt;div class=&quot;field field-name-field-project-tag field-type-taxonomy-term-reference field-label-hidden&quot;&gt;&lt;div class=&quot;field-items&quot;&gt;&lt;div class=&quot;field-item even&quot;&gt;event&lt;/div&gt;&lt;/div&gt;&lt;/div&gt;&lt;div class=&quot;field field-name-post-date field-type-ds field-label-hidden&quot;&gt;&lt;div class=&quot;field-items&quot;&gt;&lt;div class=&quot;field-item even&quot;&gt;6 May 2015&lt;/div&gt;&lt;/div&gt;&lt;/div&gt;&lt;div class=&quot;field field-name-author field-type-ds field-label-hidden&quot;&gt;&lt;div class=&quot;field-items&quot;&gt;&lt;div class=&quot;field-item even&quot;&gt;malamut&lt;/div&gt;&lt;/div&gt;&lt;/div&gt;&lt;div class=&quot;field field-name-title field-type-ds field-label-hidden&quot;&gt;&lt;div class=&quot;field-items&quot;&gt;&lt;div class=&quot;field-item even&quot; property=&quot;dc:title&quot;&gt;&lt;h3 class=&quot;row-title&quot;&gt;&lt;a href=&quot;/future-annotation-digital-objects-workshop&quot;&gt;Future for the Annotation of Digital Objects - workshop&lt;/a&gt;&lt;/h3&gt;&lt;/div&gt;&lt;/div&gt;&lt;/div&gt;&lt;div class=&quot;field field-name-body field-type-text-with-summary field-label-hidden&quot;&gt;&lt;div class=&quot;field-items&quot;&gt;&lt;div class=&quot;field-item even&quot; property=&quot;content:encoded&quot;&gt;&lt;p&gt;&lt;strong&gt;Organizer: &lt;/strong&gt;Dr. Yuk Hui, Simon Worthington, Hybrid Publishing Lab, Centre for Digital Cultures, Leuphana University Lüneburg&lt;/p&gt;
&lt;p&gt;&lt;strong&gt;Date: &lt;/strong&gt;12th May (13:00) - 13th May (evening)&lt;/p&gt;
&lt;p&gt;&lt;strong&gt;Venue: &lt;/strong&gt;Cent­re for Di­gi­tal Cul­tu­res, Sülz­tor­str. 21–35, 21335 Lüne­burg, 2. Floor&lt;/p&gt;
&lt;p&gt;&lt;a href=&quot;http://hybridpublishing.org/2015/05/workshop-future-for-the-annotation-of-digital-objects-12-13-may-2015/&quot;&gt;http://hybridpublishing.org/2015/05/workshop-future-for-the-annotation-of-digital-objects-12-13-may-2015/&lt;/a&gt;&lt;/p&gt;
&lt;p&gt;In the past decades, the proliferation of digital objects, the emergence of new technologies, and the globalisation of cultural objects, demand new conceptualisations and practices of annotation. Ontologies (formal ontologies, web ontologies) find their limits to fully contextualize the modes of existence of digital objects, since most of them are still derived from a narrow reflection and without considering the nature of the digital. Annotation finds its place, not only in the sense of assisting information processing and enhancing the searchability of digital objects (for the objects themselves, or in the objects), but also as interaction and concretisation of relations between the users and the objects with which they interact. This recalls us of what the ancient call &lt;em&gt;Scholia&lt;/em&gt;, a commentary and annotation practice which finally shaped the &lt;em&gt;scholiast&lt;/em&gt; and also the &lt;em&gt;scholar&lt;/em&gt;. Annotation in this sense is less about classification, but closely related to learning, meaning that one learns and concretizes his or her knowledge through annotating or writing. With digital technologies, the concept of annotation has to be taken further, since it introduces semantic technologies, collaboration, sharing, recommendation. However annotation is either not taken seriously or shadowed by mere interaction, or slowly taken over by automation as in the case of Google and other semantic technologies. The workshop “Future for the annotation of digital objects”, hosted by the Hybrid Publishing Lab is an attempt to gather researchers from different disciplines, and to look into different practices and tools that have been developed and concerns which have yet to be resolved.&lt;/p&gt;
&lt;p&gt; &lt;/p&gt;
&lt;/div&gt;&lt;/div&gt;&lt;/div&gt;</description>
     <pubDate>Wed, 06 May 2015 19:03:51 +0000</pubDate>
 <dc:creator>malamut</dc:creator>
 <guid isPermaLink="false">25 at http://www.consortium.io</guid>
  </item>
  <item>
    <title>Announcement: The Hybrid Lecture Player, Tracing Marshall McLuhan´s Experimental Publishing</title>
    <link>http://www.consortium.io/announcement-hybrid-lecture-player-tracing-marshall-mcluhan%C2%B4s-experimental-publishing</link>
    <description>&lt;div class=&quot;field field-name-field-project-tag field-type-taxonomy-term-reference field-label-hidden&quot;&gt;&lt;div class=&quot;field-items&quot;&gt;&lt;div class=&quot;field-item even&quot;&gt;prototypes&lt;/div&gt;&lt;/div&gt;&lt;/div&gt;&lt;div class=&quot;field field-name-post-date field-type-ds field-label-hidden&quot;&gt;&lt;div class=&quot;field-items&quot;&gt;&lt;div class=&quot;field-item even&quot;&gt;25 Apr 2015&lt;/div&gt;&lt;/div&gt;&lt;/div&gt;&lt;div class=&quot;field field-name-author field-type-ds field-label-hidden&quot;&gt;&lt;div class=&quot;field-items&quot;&gt;&lt;div class=&quot;field-item even&quot;&gt;malamut&lt;/div&gt;&lt;/div&gt;&lt;/div&gt;&lt;div class=&quot;field field-name-field-image field-type-image field-label-hidden&quot;&gt;&lt;div class=&quot;field-items&quot;&gt;&lt;div class=&quot;field-item even&quot; rel=&quot;og:image rdfs:seeAlso&quot; resource=&quot;http://www.consortium.io/sites/default/files/styles/summary/public/field/image/image00.jpg?itok=DX_fRK8k&quot;&gt;&lt;a href=&quot;/announcement-hybrid-lecture-player-tracing-marshall-mcluhan%C2%B4s-experimental-publishing&quot;&gt;&lt;img typeof=&quot;foaf:Image&quot; src=&quot;http://www.consortium.io/sites/default/files/styles/summary/public/field/image/image00.jpg?itok=DX_fRK8k&quot; width=&quot;220&quot; height=&quot;164&quot; alt=&quot;Archives Ark&quot; /&gt;&lt;/a&gt;&lt;/div&gt;&lt;/div&gt;&lt;/div&gt;&lt;div class=&quot;field field-name-title field-type-ds field-label-hidden&quot;&gt;&lt;div class=&quot;field-items&quot;&gt;&lt;div class=&quot;field-item even&quot; property=&quot;dc:title&quot;&gt;&lt;h3 class=&quot;row-title&quot;&gt;&lt;a href=&quot;/announcement-hybrid-lecture-player-tracing-marshall-mcluhan%C2%B4s-experimental-publishing&quot;&gt;Announcement: The Hybrid Lecture Player, Tracing Marshall McLuhan´s Experimental Publishing&lt;/a&gt;&lt;/h3&gt;&lt;/div&gt;&lt;/div&gt;&lt;/div&gt;&lt;div class=&quot;field field-name-body field-type-text-with-summary field-label-hidden&quot;&gt;&lt;div class=&quot;field-items&quot;&gt;&lt;div class=&quot;field-item even&quot; property=&quot;content:encoded&quot;&gt;&lt;p&gt; &lt;/p&gt;
&lt;p&gt;&lt;strong&gt;April 2015&lt;/strong&gt;&lt;/p&gt;
&lt;p&gt;Software: &lt;a href=&quot;https://github.com/consortium/hybrid-lecture-player&quot; style=&quot;color: rgb(0, 105, 214);&quot;&gt;https://github.com/consortium/hybrid-lecture-player&lt;/a&gt;&lt;/p&gt;
&lt;p&gt; &lt;/p&gt;
&lt;p&gt;Presentation of the &lt;em&gt;Hybrid Lecture Player&lt;/em&gt; by the Hybrid Publishing Consortium at the annual &lt;a href=&quot;http://libregraphicsmeeting.org/2015/&quot;&gt;Libre Graphics Meeting&lt;/a&gt;. An exploration of the Marshall McLuhan collection held at the McLuhan Salon in the Canadian Embassy, Berlin.&lt;/p&gt;
&lt;p&gt;The Hybrid Publishing Consortium is pleased to announce the &lt;em&gt;Hybrid Lecture Player&lt;/em&gt;, a new research publishing case study by the Lüneburg (Germany) based lab. It will be presented as part of the Libre Graphics Meeting on April 30, 2015, 13.20pm at the University of Toronto, Canada.&lt;/p&gt;
&lt;p&gt; &lt;/p&gt;
&lt;/div&gt;&lt;/div&gt;&lt;/div&gt;</description>
     <pubDate>Sat, 25 Apr 2015 16:45:07 +0000</pubDate>
 <dc:creator>malamut</dc:creator>
 <guid isPermaLink="false">24 at http://www.consortium.io</guid>
  </item>
  <item>
    <title>Book Remixing - Books on Books #bbl 3 - a workshop</title>
    <link>http://www.consortium.io/book-remixing-books-books-bbl-3-workshop</link>
    <description>&lt;div class=&quot;field field-name-field-project-tag field-type-taxonomy-term-reference field-label-hidden&quot;&gt;&lt;div class=&quot;field-items&quot;&gt;&lt;div class=&quot;field-item even&quot;&gt;event&lt;/div&gt;&lt;/div&gt;&lt;/div&gt;&lt;div class=&quot;field field-name-post-date field-type-ds field-label-hidden&quot;&gt;&lt;div class=&quot;field-items&quot;&gt;&lt;div class=&quot;field-item even&quot;&gt;16 Apr 2015&lt;/div&gt;&lt;/div&gt;&lt;/div&gt;&lt;div class=&quot;field field-name-author field-type-ds field-label-hidden&quot;&gt;&lt;div class=&quot;field-items&quot;&gt;&lt;div class=&quot;field-item even&quot;&gt;malamut&lt;/div&gt;&lt;/div&gt;&lt;/div&gt;&lt;div class=&quot;field field-name-field-image field-type-image field-label-hidden&quot;&gt;&lt;div class=&quot;field-items&quot;&gt;&lt;div class=&quot;field-item even&quot; rel=&quot;og:image rdfs:seeAlso&quot; resource=&quot;http://www.consortium.io/sites/default/files/styles/summary/public/field/image/publicpreview-apl-2.jpg?itok=5xe5NyEw&quot;&gt;&lt;a href=&quot;/book-remixing-books-books-bbl-3-workshop&quot;&gt;&lt;img typeof=&quot;foaf:Image&quot; src=&quot;http://www.consortium.io/sites/default/files/styles/summary/public/field/image/publicpreview-apl-2.jpg?itok=5xe5NyEw&quot; width=&quot;220&quot; height=&quot;197&quot; alt=&quot;Otlet&quot; /&gt;&lt;/a&gt;&lt;/div&gt;&lt;/div&gt;&lt;/div&gt;&lt;div class=&quot;field field-name-title field-type-ds field-label-hidden&quot;&gt;&lt;div class=&quot;field-items&quot;&gt;&lt;div class=&quot;field-item even&quot; property=&quot;dc:title&quot;&gt;&lt;h3 class=&quot;row-title&quot;&gt;&lt;a href=&quot;/book-remixing-books-books-bbl-3-workshop&quot;&gt;Book Remixing - Books on Books #bbl 3 - a workshop&lt;/a&gt;&lt;/h3&gt;&lt;/div&gt;&lt;/div&gt;&lt;/div&gt;&lt;div class=&quot;field field-name-body field-type-text-with-summary field-label-hidden&quot;&gt;&lt;div class=&quot;field-items&quot;&gt;&lt;div class=&quot;field-item even&quot; property=&quot;content:encoded&quot;&gt;&lt;p&gt;Time: Saturday 18th April, 4:00 pm - 7:00 pm&lt;br /&gt;
Location A Public Library, Oranienstraße 72, Berlin, 10969 Germany&lt;br /&gt;
Contact: &lt;a href=&quot;mailto:info@apubliclibrary.org&quot;&gt;info@apubliclibrary.org&lt;/a&gt;&lt;br /&gt;
URL: &lt;a href=&quot;http://www.apubliclibrary.org/event/bureau-for-book-liberation-book-remixing-03/&quot;&gt;http://www.apubliclibrary.org/event/bureau-for-book-liberation-book-remi...&lt;/a&gt;&lt;/p&gt;
&lt;p&gt;Book Remixing #03 is the third in a series of workshops for designing and making new types of hybrid books. The hybrid book, or unbound book, is an experiment to investigate what happens once the book is free of its current form of a printed book and usable in multiple and malleable digital forms.&lt;img alt=&quot;&quot; height=&quot;16&quot; src=&quot;data:image/gif;base64,R0lGODlhAQABAIAAAAAAAP///yH5BAEAAAAALAAAAAABAAEAAAIBRAA7&quot; title=&quot;Read more...&quot; width=&quot;811&quot; /&gt;&lt;/p&gt;
&lt;p&gt;The third workshop will focus on sharing, discussing and excerpting passages from ‘books about books’ that explore publishing histories, the future of the book, the unbound book, the library as book, Open Access books, the digital book, and so on.&lt;/p&gt;
&lt;/div&gt;&lt;/div&gt;&lt;/div&gt;</description>
     <pubDate>Thu, 16 Apr 2015 06:57:08 +0000</pubDate>
 <dc:creator>malamut</dc:creator>
 <guid isPermaLink="false">23 at http://www.consortium.io</guid>
  </item>
  <item>
    <title>McLuhan Media Sprint Recap / Outlook</title>
    <link>http://www.consortium.io/mcluhan-media-sprint-recap-outlook</link>
    <description>&lt;div class=&quot;field field-name-field-project-tag field-type-taxonomy-term-reference field-label-hidden&quot;&gt;&lt;div class=&quot;field-items&quot;&gt;&lt;div class=&quot;field-item even&quot;&gt;event&lt;/div&gt;&lt;/div&gt;&lt;/div&gt;&lt;div class=&quot;field field-name-post-date field-type-ds field-label-hidden&quot;&gt;&lt;div class=&quot;field-items&quot;&gt;&lt;div class=&quot;field-item even&quot;&gt;23 Jan 2015&lt;/div&gt;&lt;/div&gt;&lt;/div&gt;&lt;div class=&quot;field field-name-author field-type-ds field-label-hidden&quot;&gt;&lt;div class=&quot;field-items&quot;&gt;&lt;div class=&quot;field-item even&quot;&gt;malamut&lt;/div&gt;&lt;/div&gt;&lt;/div&gt;&lt;div class=&quot;field field-name-field-image field-type-image field-label-hidden&quot;&gt;&lt;div class=&quot;field-items&quot;&gt;&lt;div class=&quot;field-item even&quot; rel=&quot;og:image rdfs:seeAlso&quot; resource=&quot;http://www.consortium.io/sites/default/files/styles/summary/public/field/image/Unbenannt.png?itok=uFueXRGl&quot;&gt;&lt;a href=&quot;/mcluhan-media-sprint-recap-outlook&quot;&gt;&lt;img typeof=&quot;foaf:Image&quot; src=&quot;http://www.consortium.io/sites/default/files/styles/summary/public/field/image/Unbenannt.png?itok=uFueXRGl&quot; width=&quot;220&quot; height=&quot;138&quot; alt=&quot;Traces of McLuhan – A Media Sprint at the Marshall McLuhan Salon&quot; /&gt;&lt;/a&gt;&lt;/div&gt;&lt;/div&gt;&lt;/div&gt;&lt;div class=&quot;field field-name-title field-type-ds field-label-hidden&quot;&gt;&lt;div class=&quot;field-items&quot;&gt;&lt;div class=&quot;field-item even&quot; property=&quot;dc:title&quot;&gt;&lt;h3 class=&quot;row-title&quot;&gt;&lt;a href=&quot;/mcluhan-media-sprint-recap-outlook&quot;&gt;McLuhan Media Sprint Recap / Outlook&lt;/a&gt;&lt;/h3&gt;&lt;/div&gt;&lt;/div&gt;&lt;/div&gt;&lt;div class=&quot;field field-name-body field-type-text-with-summary field-label-hidden&quot;&gt;&lt;div class=&quot;field-items&quot;&gt;&lt;div class=&quot;field-item even&quot; property=&quot;content:encoded&quot;&gt;&lt;p&gt;&lt;strong&gt;&lt;em&gt;Traces of McLuhan – A Media Sprint at the Marshall McLuhan Salon&lt;/em&gt;&lt;/strong&gt;&lt;/p&gt;
&lt;p&gt;In late November, the Hybrid Publishing Consortium held a one day workshop at the Marshall McLuhan Salon in the Canadian Embassy in Berlin. This intense and positively stirring event brought together McLuhan scholars and software developers who all shared their views on working with and publishing from the archive. Together we mapped out these perspectives, potential needs and approaches.&lt;/p&gt;
&lt;/div&gt;&lt;/div&gt;&lt;/div&gt;</description>
     <pubDate>Fri, 23 Jan 2015 10:59:20 +0000</pubDate>
 <dc:creator>malamut</dc:creator>
 <guid isPermaLink="false">22 at http://www.consortium.io</guid>
  </item>
  <item>
    <title>Empowering Publishers to Innovate</title>
    <link>http://www.consortium.io/slides/pds</link>
    <description>&lt;div class=&quot;field field-name-field-project-tag field-type-taxonomy-term-reference field-label-hidden&quot;&gt;&lt;div class=&quot;field-items&quot;&gt;&lt;div class=&quot;field-item even&quot;&gt;event&lt;/div&gt;&lt;/div&gt;&lt;/div&gt;&lt;div class=&quot;field field-name-post-date field-type-ds field-label-hidden&quot;&gt;&lt;div class=&quot;field-items&quot;&gt;&lt;div class=&quot;field-item even&quot;&gt;12 Nov 2014&lt;/div&gt;&lt;/div&gt;&lt;/div&gt;&lt;div class=&quot;field field-name-author field-type-ds field-label-hidden&quot;&gt;&lt;div class=&quot;field-items&quot;&gt;&lt;div class=&quot;field-item even&quot;&gt;malamut&lt;/div&gt;&lt;/div&gt;&lt;/div&gt;&lt;div class=&quot;field field-name-field-document-tag field-type-taxonomy-term-reference field-label-inline clearfix&quot;&gt;&lt;div class=&quot;field-label&quot;&gt;Document:&amp;nbsp;&lt;/div&gt;&lt;div class=&quot;field-items&quot;&gt;&lt;div class=&quot;field-item even&quot;&gt;PDF&lt;/div&gt;&lt;/div&gt;&lt;/div&gt;&lt;div class=&quot;field field-name-title field-type-ds field-label-hidden&quot;&gt;&lt;div class=&quot;field-items&quot;&gt;&lt;div class=&quot;field-item even&quot; property=&quot;dc:title&quot;&gt;&lt;h3 class=&quot;row-title&quot;&gt;&lt;a href=&quot;/slides/pds&quot;&gt;Empowering Publishers to Innovate&lt;/a&gt;&lt;/h3&gt;&lt;/div&gt;&lt;/div&gt;&lt;/div&gt;&lt;div class=&quot;field field-name-body field-type-text-with-summary field-label-hidden&quot;&gt;&lt;div class=&quot;field-items&quot;&gt;&lt;div class=&quot;field-item even&quot; property=&quot;content:encoded&quot;&gt;&lt;p&gt;&lt;iframe align=&quot;left&quot; frameborder=&quot;0&quot; height=&quot;420&quot; name=&quot;Empowering Publishers to Innovate&quot; scrolling=&quot;no&quot; src=&quot;http://www.slideshare.net/slideshow/embed_code/43817925?rel=0&quot; width=&quot;510&quot; id=&quot;Empowering Publishers to Innovate&quot;&gt;&lt;/iframe&gt;&lt;/p&gt;
&lt;p&gt;&lt;span style=&quot;background-color:transparent; color:rgb(0, 0, 10); font-family:trebuchet ms; font-size:21px&quot;&gt;&lt;a href=&quot;/sites/default/files/presentation%20hpc%20pds%20111114_v04d.pdf&quot; style=&quot;line-height: 1.2em; font-size: 13px;&quot;&gt;Slides&lt;/a&gt; &amp;lt; PDF - for the Post Digital Conference&lt;/span&gt;&lt;/p&gt;
&lt;p&gt;&lt;span style=&quot;color:rgb(0, 0, 0); font-family:arial; font-size:15.4545450210571px&quot;&gt;The Consortium develops Open Source software for public infrastructures for publishing, covering key parts of the publishing workflow–lowering cost, speeding up production cycles and introducing new forms of publishing. We support software producers to innovate existing Open Source platforms. We also want to innovate the digital book and reading experience&lt;/span&gt;&lt;/p&gt;
&lt;/div&gt;&lt;/div&gt;&lt;/div&gt;</description>
     <pubDate>Wed, 12 Nov 2014 09:21:15 +0000</pubDate>
 <dc:creator>malamut</dc:creator>
 <guid isPermaLink="false">20 at http://www.consortium.io</guid>
  </item>
  <item>
    <title>Museums and Post-digital Publishing</title>
    <link>http://www.consortium.io/fotomuseum</link>
    <description>&lt;div class=&quot;field field-name-field-project-tag field-type-taxonomy-term-reference field-label-hidden&quot;&gt;&lt;div class=&quot;field-items&quot;&gt;&lt;div class=&quot;field-item even&quot;&gt;prototypes&lt;/div&gt;&lt;/div&gt;&lt;/div&gt;&lt;div class=&quot;field field-name-post-date field-type-ds field-label-hidden&quot;&gt;&lt;div class=&quot;field-items&quot;&gt;&lt;div class=&quot;field-item even&quot;&gt;9 Oct 2014&lt;/div&gt;&lt;/div&gt;&lt;/div&gt;&lt;div class=&quot;field field-name-author field-type-ds field-label-hidden&quot;&gt;&lt;div class=&quot;field-items&quot;&gt;&lt;div class=&quot;field-item even&quot;&gt;Christina Kral&lt;/div&gt;&lt;/div&gt;&lt;/div&gt;&lt;div class=&quot;field field-name-field-image field-type-image field-label-hidden&quot;&gt;&lt;div class=&quot;field-items&quot;&gt;&lt;div class=&quot;field-item even&quot; rel=&quot;og:image rdfs:seeAlso&quot; resource=&quot;http://www.consortium.io/sites/default/files/styles/summary/public/field/image/manifeste-cover.jpg?itok=PRA6IvcG&quot;&gt;&lt;a href=&quot;/fotomuseum&quot;&gt;&lt;img typeof=&quot;foaf:Image&quot; src=&quot;http://www.consortium.io/sites/default/files/styles/summary/public/field/image/manifeste-cover.jpg?itok=PRA6IvcG&quot; width=&quot;220&quot; height=&quot;297&quot; alt=&quot;Manifeste Cover&quot; /&gt;&lt;/a&gt;&lt;/div&gt;&lt;/div&gt;&lt;/div&gt;&lt;div class=&quot;field field-name-title field-type-ds field-label-hidden&quot;&gt;&lt;div class=&quot;field-items&quot;&gt;&lt;div class=&quot;field-item even&quot; property=&quot;dc:title&quot;&gt;&lt;h3 class=&quot;row-title&quot;&gt;&lt;a href=&quot;/fotomuseum&quot;&gt;Museums and Post-digital Publishing&lt;/a&gt;&lt;/h3&gt;&lt;/div&gt;&lt;/div&gt;&lt;/div&gt;&lt;div class=&quot;field field-name-body field-type-text-with-summary field-label-hidden&quot;&gt;&lt;div class=&quot;field-items&quot;&gt;&lt;div class=&quot;field-item even&quot; property=&quot;content:encoded&quot;&gt;&lt;p dir=&quot;ltr&quot;&gt;A case study with Fotomuseum Winterthur by the Hybrid Publishing Consortium&lt;/p&gt;
&lt;p&gt;&lt;span style=&quot;font-size:12.7272720336914px&quot;&gt;This publishing research case study will focus on one particular publication and exhibition—&lt;/span&gt;&lt;em&gt;Manifeste! Eine andere Geschichte der Fotografie&lt;/em&gt;&lt;span style=&quot;font-size:12.7272720336914px&quot;&gt; (Fotomuseum Winterthur, 13 September to 23 November 2014). &lt;/span&gt;&lt;em&gt;Manifeste! &lt;/em&gt;&lt;span style=&quot;font-size:12.7272720336914px&quot;&gt;is the first exhibition to explore the historical relationship between photography and the manifesto, collecting together statements from across the history of photography.&lt;/span&gt;&lt;/p&gt;
&lt;/div&gt;&lt;/div&gt;&lt;/div&gt;</description>
     <pubDate>Thu, 09 Oct 2014 10:35:56 +0000</pubDate>
 <dc:creator>Christina Kral</dc:creator>
 <guid isPermaLink="false">19 at http://www.consortium.io</guid>
  </item>
  <item>
    <title>Traces of McLuhan</title>
    <link>http://www.consortium.io/traces-mcluhan</link>
    <description>&lt;div class=&quot;field field-name-field-project-tag field-type-taxonomy-term-reference field-label-hidden&quot;&gt;&lt;div class=&quot;field-items&quot;&gt;&lt;div class=&quot;field-item even&quot;&gt;event&lt;/div&gt;&lt;/div&gt;&lt;/div&gt;&lt;div class=&quot;field field-name-post-date field-type-ds field-label-hidden&quot;&gt;&lt;div class=&quot;field-items&quot;&gt;&lt;div class=&quot;field-item even&quot;&gt;9 Oct 2014&lt;/div&gt;&lt;/div&gt;&lt;/div&gt;&lt;div class=&quot;field field-name-author field-type-ds field-label-hidden&quot;&gt;&lt;div class=&quot;field-items&quot;&gt;&lt;div class=&quot;field-item even&quot;&gt;Simon Worthington&lt;/div&gt;&lt;/div&gt;&lt;/div&gt;&lt;div class=&quot;field field-name-field-image field-type-image field-label-hidden&quot;&gt;&lt;div class=&quot;field-items&quot;&gt;&lt;div class=&quot;field-item even&quot; rel=&quot;og:image rdfs:seeAlso&quot; resource=&quot;http://www.consortium.io/sites/default/files/styles/summary/public/field/image/mcluhan.jpg?itok=q-CeYKhK&quot;&gt;&lt;a href=&quot;/traces-mcluhan&quot;&gt;&lt;img typeof=&quot;foaf:Image&quot; src=&quot;http://www.consortium.io/sites/default/files/styles/summary/public/field/image/mcluhan.jpg?itok=q-CeYKhK&quot; width=&quot;220&quot; height=&quot;165&quot; alt=&quot;McLuhan Woody Alan&quot; /&gt;&lt;/a&gt;&lt;/div&gt;&lt;/div&gt;&lt;/div&gt;&lt;div class=&quot;field field-name-title field-type-ds field-label-hidden&quot;&gt;&lt;div class=&quot;field-items&quot;&gt;&lt;div class=&quot;field-item even&quot; property=&quot;dc:title&quot;&gt;&lt;h3 class=&quot;row-title&quot;&gt;&lt;a href=&quot;/traces-mcluhan&quot;&gt;Traces of McLuhan&lt;/a&gt;&lt;/h3&gt;&lt;/div&gt;&lt;/div&gt;&lt;/div&gt;&lt;div class=&quot;field field-name-body field-type-text-with-summary field-label-hidden&quot;&gt;&lt;div class=&quot;field-items&quot;&gt;&lt;div class=&quot;field-item even&quot; property=&quot;content:encoded&quot;&gt;&lt;h2 dir=&quot;ltr&quot;&gt;A Media Sprint at the Marshall McLuhan Salon&lt;/h2&gt;
&lt;p dir=&quot;ltr&quot;&gt;&lt;a href=&quot;http://consortium.io/mcluhan&quot;&gt;http://consortium.io/traces-mcluhan&lt;/a&gt;&lt;/p&gt;
&lt;p dir=&quot;ltr&quot;&gt;&lt;a href=&quot;https://twitter.com/pub_con&quot;&gt;https://twitter.com/pub_con&lt;/a&gt; #tracingmcluhan #mcluhan&lt;/p&gt;
&lt;p dir=&quot;ltr&quot;&gt;Date: 26 November 2014&lt;/p&gt;
&lt;p dir=&quot;ltr&quot;&gt;Location: The Marshall McLuhan Salon, The Canadian Embassy, Berlin&lt;/p&gt;
&lt;p dir=&quot;ltr&quot;&gt;The Hybrid Publishing Consortium is organizing a one-day media sprint using material from the McLuhan Archive (hosted at the Canadian embassy in Berlin), as well as documentation from the McLuhan Centennial ‘Re-Touching McLuhan’ conference.&lt;/p&gt;
&lt;p dir=&quot;ltr&quot;&gt;Inspired by book sprints, we are using the same model of speedy production. Yet, instead of producing a book, we’ll be focusing on experimental visualizations that trace a user’s approach to the archive, crisscrossing through various media formats.&lt;/p&gt;
&lt;/div&gt;&lt;/div&gt;&lt;/div&gt;</description>
     <pubDate>Wed, 08 Oct 2014 22:15:38 +0000</pubDate>
 <dc:creator>Simon Worthington</dc:creator>
 <guid isPermaLink="false">18 at http://www.consortium.io</guid>
  </item>
  </channel>
</rss>
